English short name (upper/lower case),Alpha-2 code,Alpha-3 code,Numeric code,Independent
Afghanistan,AF,AFG,004,TRUE
Åland Islands,AX,ALA,248,FALSE
Albania,AL,ALB,008,TRUE
Algeria,DZ,DZA,012,TRUE
American Samoa,AS,ASM,016,FALSE
Andorra,AD,AND,020,TRUE
Angola,AO,AGO,024,TRUE
Anguilla,AI,AIA,660,FALSE
Antarctica,AQ,ATA,010,FALSE
Antigua and Barbuda,AG,ATG,028,TRUE
Argentina,AR,ARG,032,TRUE
Armenia,AM,ARM,051,TRUE
Aruba,AW,ABW,533,FALSE
Australia,AU,AUS,036,TRUE
Austria,AT,AUT,040,TRUE
Azerbaijan,AZ,AZE,031,TRUE
Bahamas,BS,BHS,044,TRUE
Bahrain,BH,BHR,048,TRUE
Bangladesh,BD,BGD,050,TRUE
Barbados,BB,BRB,052,TRUE
Belarus,BY,BLR,112,TRUE
Belgium,BE,BEL,056,TRUE
Belize,BZ,BLZ,084,TRUE
Benin,BJ,BEN,204,TRUE
Bermuda,BM,BMU,060,FALSE
Bhutan,BT,BTN,064,TRUE
Bolivia (Plurinational State of),BO,BOL,068,TRUE
"Bonaire, Sint Eustatius and Saba",BQ,BES,535,FALSE
Bosnia and Herzegovina,BA,BIH,070,TRUE
Botswana,BW,BWA,072,TRUE
Bouvet Island,BV,BVT,074,FALSE
Brazil,BR,BRA,076,TRUE
British Indian Ocean Territory,IO,IOT,086,FALSE
Brunei Darussalam,BN,BRN,096,TRUE
Bulgaria,BG,BGR,100,TRUE
Burkina Faso,BF,BFA,854,TRUE
Burundi,BI,BDI,108,TRUE
Cabo Verde,CV,CPV,132,TRUE
Cambodia,KH,KHM,116,TRUE
Cameroon,CM,CMR,120,TRUE
Canada,CA,CAN,124,TRUE
Cayman Islands,KY,CYM,136,FALSE
Central African Republic,CF,CAF,140,TRUE
Chad,TD,TCD,148,TRUE
Chile,CL,CHL,152,TRUE
China,CN,CHN,156,TRUE
Christmas Island,CX,CXR,162,FALSE
Cocos (Keeling) Islands,CC,CCK,166,FALSE
Colombia,CO,COL,170,TRUE
Comoros,KM,COM,174,TRUE
Congo,CG,COG,178,TRUE
Congo (Democratic Republic of the),CD,COD,180,TRUE
Cook Islands,CK,COK,184,FALSE
Costa Rica,CR,CRI,188,TRUE
Côte d'Ivoire,CI,CIV,384,TRUE
Croatia,HR,HRV,191,TRUE
Cuba,CU,CUB,192,TRUE
Curaçao,CW,CUW,531,FALSE
Cyprus,CY,CYP,196,TRUE
Czechia,CZ,CZE,203,TRUE
Denmark,DK,DNK,208,TRUE
Djibouti,DJ,DJI,262,TRUE
Dominica,DM,DMA,212,TRUE
Dominican Republic,DO,DOM,214,TRUE
Ecuador,EC,ECU,218,TRUE
Egypt,EG,EGY,818,TRUE
El Salvador,SV,SLV,222,TRUE
Equatorial Guinea,GQ,GNQ,226,TRUE
Eritrea,ER,ERI,232,TRUE
Estonia,EE,EST,233,TRUE
Ethiopia,ET,ETH,231,TRUE
Falkland Islands (Malvinas),FK,FLK,238,FALSE
Faroe Islands,FO,FRO,234,FALSE
Fiji,FJ,FJI,242,TRUE
Finland,FI,FIN,246,TRUE
France,FR,FRA,250,TRUE
French Guiana,GF,GUF,254,FALSE
French Polynesia,PF,PYF,258,FALSE
French Southern Territories,TF,ATF,260,FALSE
Gabon,GA,GAB,266,TRUE
Gambia,GM,GMB,270,TRUE
Georgia,GE,GEO,268,TRUE
Germany,DE,DEU,276,TRUE
Ghana,GH,GHA,288,TRUE
Gibraltar,GI,GIB,292,FALSE
Greece,GR,GRC,300,TRUE
Greenland,GL,GRL,304,FALSE
Grenada,GD,GRD,308,TRUE
Guadeloupe,GP,GLP,312,FALSE
Guam,GU,GUM,316,FALSE
Guatemala,GT,GTM,320,TRUE
Guernsey,GG,GGY,831,FALSE
Guinea,GN,GIN,324,TRUE
Guinea-Bissau,GW,GNB,624,TRUE
Guyana,GY,GUY,328,TRUE
Haiti,HT,HTI,332,TRUE
Heard Island and McDonald Islands,HM,HMD,334,FALSE
Holy See,VA,VAT,336,TRUE
Honduras,HN,HND,340,TRUE
Hong Kong,HK,HKG,344,FALSE
Hungary,HU,HUN,348,TRUE
Iceland,IS,ISL,352,TRUE
India,IN,IND,356,TRUE
Indonesia,ID,IDN,360,TRUE
Iran (Islamic Republic of),IR,IRN,364,TRUE
Iraq,IQ,IRQ,368,TRUE
Ireland,IE,IRL,372,TRUE
Isle of Man,IM,IMN,833,FALSE
Israel,IL,ISR,376,TRUE
Italy,IT,ITA,380,TRUE
Jamaica,JM,JAM,388,TRUE
Japan,JP,JPN,392,TRUE
Jersey,JE,JEY,832,FALSE
Jordan,JO,JOR,400,TRUE
Kazakhstan,KZ,KAZ,398,TRUE
Kenya,KE,KEN,404,TRUE
Kiribati,KI,KIR,296,TRUE
Korea (Democratic People's Republic of),KP,PRK,408,TRUE
Korea (Republic of),KR,KOR,410,TRUE
Kuwait,KW,KWT,414,TRUE
Kyrgyzstan,KG,KGZ,417,TRUE
Lao People's Democratic Republic,LA,LAO,418,TRUE
Latvia,LV,LVA,428,TRUE
Lebanon,LB,LBN,422,TRUE
Lesotho,LS,LSO,426,TRUE
Liberia,LR,LBR,430,TRUE
Libya,LY,LBY,434,TRUE
Liechtenstein,LI,LIE,438,TRUE
Lithuania,LT,LTU,440,TRUE
Luxembourg,LU,LUX,442,TRUE
Macao,MO,MAC,446,FALSE
Macedonia (the former Yugoslav Republic of),MK,MKD,807,TRUE
Madagascar,MG,MDG,450,TRUE
Malawi,MW,MWI,454,TRUE
Malaysia,MY,MYS,458,TRUE
Maldives,MV,MDV,462,TRUE
Mali,ML,MLI,466,TRUE
Malta,MT,MLT,470,TRUE
Marshall Islands,MH,MHL,584,TRUE
Martinique,MQ,MTQ,474,FALSE
Mauritania,MR,MRT,478,TRUE
Mauritius,MU,MUS,480,TRUE
Mayotte,YT,MYT,175,FALSE
Mexico,MX,MEX,484,TRUE
Micronesia (Federated States of),FM,FSM,583,TRUE
Moldova (Republic of),MD,MDA,498,TRUE
Monaco,MC,MCO,492,TRUE
Mongolia,MN,MNG,496,TRUE
Montenegro,ME,MNE,499,TRUE
Montserrat,MS,MSR,500,FALSE
Morocco,MA,MAR,504,TRUE
Mozambique,MZ,MOZ,508,TRUE
Myanmar,MM,MMR,104,TRUE
Namibia,NA,NAM,516,TRUE
Nauru,NR,NRU,520,TRUE
Nepal,NP,NPL,524,TRUE
Netherlands,NL,NLD,528,TRUE
New Caledonia,NC,NCL,540,FALSE
New Zealand,NZ,NZL,554,TRUE
Nicaragua,NI,NIC,558,TRUE
Niger,NE,NER,562,TRUE
Nigeria,NG,NGA,566,TRUE
Niue,NU,NIU,570,FALSE
Norfolk Island,NF,NFK,574,FALSE
Northern Mariana Islands,MP,MNP,580,FALSE
Norway,NO,NOR,578,TRUE
Oman,OM,OMN,512,TRUE
Pakistan,PK,PAK,586,TRUE
Palau,PW,PLW,585,TRUE
"Palestine, State of",PS,PSE,275,FALSE
Panama,PA,PAN,591,TRUE
Papua New Guinea,PG,PNG,598,TRUE
Paraguay,PY,PRY,600,TRUE
Peru,PE,PER,604,TRUE
Philippines,PH,PHL,608,TRUE
Pitcairn,PN,PCN,612,FALSE
Poland,PL,POL,616,TRUE
Portugal,PT,PRT,620,TRUE
Puerto Rico,PR,PRI,630,FALSE
Qatar,QA,QAT,634,TRUE
Réunion,RE,REU,638,FALSE
Romania,RO,ROU,642,TRUE
Russian Federation,RU,RUS,643,TRUE
Rwanda,RW,RWA,646,TRUE
Saint BarthÈlemy,BL,BLM,652,FALSE
"Saint Helena, Ascension and Tristan da Cunha",SH,SHN,654,FALSE
Saint Kitts and Nevis,KN,KNA,659,TRUE
Saint Lucia,LC,LCA,662,TRUE
Saint Martin (French part),MF,MAF,663,FALSE
Saint Pierre and Miquelon,PM,SPM,666,FALSE
Saint Vincent and the Grenadines,VC,VCT,670,TRUE
Samoa,WS,WSM,882,TRUE
San Marino,SM,SMR,674,TRUE
Sao Tome and Principe,ST,STP,678,TRUE
Saudi Arabia,SA,SAU,682,TRUE
Senegal,SN,SEN,686,TRUE
Serbia,RS,SRB,688,TRUE
Seychelles,SC,SYC,690,TRUE
Sierra Leone,SL,SLE,694,TRUE
Singapore,SG,SGP,702,TRUE
Sint Maarten (Dutch part),SX,SXM,534,FALSE
Slovakia,SK,SVK,703,TRUE
Slovenia,SI,SVN,705,TRUE
Solomon Islands,SB,SLB,090,TRUE
Somalia,SO,SOM,706,TRUE
South Africa,ZA,ZAF,710,TRUE
South Georgia and the South Sandwich Islands,GS,SGS,239,FALSE
South Sudan,SS,SSD,728,TRUE
Spain,ES,ESP,724,TRUE
Sri Lanka,LK,LKA,144,TRUE
Sudan,SD,SDN,729,TRUE
Suriname,SR,SUR,740,TRUE
Svalbard and Jan Mayen,SJ,SJM,744,FALSE
Swaziland,SZ,SWZ,748,TRUE
Sweden,SE,SWE,752,TRUE
Switzerland,CH,CHE,756,TRUE
Syrian Arab Republic,SY,SYR,760,TRUE
"Taiwan, Province of China",TW,TWN,158,FALSE
Tajikistan,TJ,TJK,762,TRUE
"Tanzania, United Republic of",TZ,TZA,834,TRUE
Thailand,TH,THA,764,TRUE
Timor-Leste,TL,TLS,626,TRUE
Togo,TG,TGO,768,TRUE
Tokelau,TK,TKL,772,FALSE
Tonga,TO,TON,776,TRUE
Trinidad and Tobago,TT,TTO,780,TRUE
Tunisia,TN,TUN,788,TRUE
Turkey,TR,TUR,792,TRUE
Turkmenistan,TM,TKM,795,TRUE
Turks and Caicos Islands,TC,TCA,796,FALSE
Tuvalu,TV,TUV,798,TRUE
Uganda,UG,UGA,800,TRUE
Ukraine,UA,UKR,804,TRUE
United Arab Emirates,AE,ARE,784,TRUE
United Kingdom of Great Britain and Northern Ireland,GB,GBR,826,TRUE
United States Minor Outlying Islands,UM,UMI,581,FALSE
United States of America,US,USA,840,TRUE
Uruguay,UY,URY,858,TRUE
Uzbekistan,UZ,UZB,860,TRUE
Vanuatu,VU,VUT,548,TRUE
Venezuela (Bolivarian Republic of),VE,VEN,862,TRUE
Viet Nam,VN,VNM,704,TRUE
Virgin Islands (British),VG,VGB,092,FALSE
Virgin Islands (U.S.),VI,VIR,850,FALSE
Wallis and Futuna,WF,WLF,876,FALSE
Western Sahara,EH,ESH,732,FALSE
Yemen,YE,YEM,887,TRUE
Zambia,ZM,ZMB,894,TRUE
Zimbabwe,ZW,ZWE,716,TRUE
